{"cameraMode":{"drawMode":0,"name":"Shaded","section":"Shading Mode"},"sceneLighting":false,"audioPlay":false,"sceneViewState":{"showFog":true,"showMaterialUpdate":false,"showSkybox":false,"showFlares":true,"showImageEffects":true,"showParticleSystems":true},"in2DMode":false,"pivot":{"x":50.188682556152347,"y":1.2336876392364503,"z":50.6051139831543},"rotation":{"x":0.0011585941538214684,"y":0.9984192848205566,"z":-0.02127694897353649,"w":0.0524526946246624},"size":0.7717606425285339,"orthographic":false}