{"cameraMode":{"drawMode":0,"name":"Shaded","section":"Shading Mode"},"sceneLighting":true,"audioPlay":false,"sceneViewState":{"showFog":true,"showMaterialUpdate":false,"showSkybox":false,"showFlares":true,"showImageEffects":true,"showParticleSystems":true},"in2DMode":false,"pivot":{"x":-0.24598374962806703,"y":-0.3381456732749939,"z":0.01780107244849205},"rotation":{"x":0.1098964735865593,"y":0.7120422720909119,"z":-0.11440464109182358,"w":0.6839817762374878},"size":0.3949873447418213,"orthographic":false}