{"cameraMode":{"drawMode":0,"name":"Shaded","section":"Shading Mode"},"sceneLighting":false,"audioPlay":false,"sceneViewState":{"showFog":true,"showMaterialUpdate":false,"showSkybox":false,"showFlares":true,"showImageEffects":true,"showParticleSystems":true},"in2DMode":false,"pivot":{"x":-0.1684436798095703,"y":-1.0578795671463013,"z":-0.022644996643066407},"rotation":{"x":0.0436602346599102,"y":0.6683157682418823,"z":-0.039351269602775577,"w":0.7415580153465271},"size":6.062177658081055,"orthographic":false}