{"cameraMode":{"drawMode":0,"name":"Shaded","section":"Shading Mode"},"sceneLighting":false,"audioPlay":false,"sceneViewState":{"showFog":true,"showMaterialUpdate":false,"showSkybox":false,"showFlares":true,"showImageEffects":true,"showParticleSystems":true},"in2DMode":false,"pivot":{"x":0.00009394064545631409,"y":0.012544222176074982,"z":0.0019112247973680497},"rotation":{"x":-0.15269675850868226,"y":0.7684069871902466,"z":-0.1993279755115509,"w":-0.5886452794075012},"size":0.05683601275086403,"orthographic":false}