{"cameraMode":{"drawMode":0,"name":"Shaded","section":"Shading Mode"},"sceneLighting":true,"audioPlay":false,"sceneViewState":{"showFog":false,"showMaterialUpdate":false,"showSkybox":false,"showFlares":false,"showImageEffects":false,"showParticleSystems":false},"in2DMode":false,"pivot":{"x":48.61501693725586,"y":1.0599995851516724,"z":37.56486129760742},"rotation":{"x":0.06416749954223633,"y":0.9351299405097961,"z":-0.26515820622444155,"w":0.22615408897399903},"size":1.1445523500442505,"orthographic":false}