{"cameraMode":{"drawMode":0,"name":"Shaded","section":"Shading Mode"},"sceneLighting":true,"audioPlay":false,"sceneViewState":{"showFog":true,"showMaterialUpdate":false,"showSkybox":false,"showFlares":true,"showImageEffects":true,"showParticleSystems":true},"in2DMode":false,"pivot":{"x":49.977909088134769,"y":0.10090382397174835,"z":48.917724609375},"rotation":{"x":-0.15566317737102509,"y":0.41834399104118349,"z":-0.07305268943309784,"w":-0.8918765187263489},"size":0.7307146787643433,"orthographic":false}