{"cameraMode":{"drawMode":0,"name":"Shaded","section":"Shading Mode"},"sceneLighting":false,"audioPlay":false,"sceneViewState":{"showFog":true,"showMaterialUpdate":false,"showSkybox":false,"showFlares":true,"showImageEffects":true,"showParticleSystems":true},"in2DMode":false,"pivot":{"x":0.23000004887580872,"y":0.9429999589920044,"z":0.460999995470047},"rotation":{"x":0.2076626718044281,"y":-0.1905464380979538,"z":0.04119930416345596,"w":0.9586544632911682},"size":0.36742347478866579,"orthographic":false}